{"cameraMode":{"drawMode":0,"name":"Shaded","section":"Shading Mode"},"sceneLighting":false,"audioPlay":false,"sceneViewState":{"m_AlwaysRefresh":false,"showFog":true,"showSkybox":false,"showFlares":true,"showImageEffects":true,"showParticleSystems":true,"showVisualEffectGraphs":true,"m_FxEnabled":true},"in2DMode":false,"pivot":{"x":1.1410503387451172,"y":-1.741373062133789,"z":-0.9138908386230469},"rotation":{"x":-0.0044568064622581009,"y":0.9945368766784668,"z":-0.047774672508239749,"w":-0.09275851398706436},"size":29.563209533691408,"orthographic":false}